Year,Anaheim Ducks,Anaheim Ducks*,Arizona Coyotes,Arizona Coyotes*,Atlanta Thrashers,Atlanta Thrashers*,Boston Bruins,Boston Bruins*,Buffalo Sabres,Buffalo Sabres*,Calgary Flames,Calgary Flames*,Carolina Hurricanes,Carolina Hurricanes*,Chicago Blackhawks,Chicago Blackhawks*,Colorado Avalanche,Colorado Avalanche*,Columbus Blue Jackets,Columbus Blue Jackets*,Dallas Stars,Dallas Stars*,Detroit Red Wings,Detroit Red Wings*,Edmonton Oilers,Edmonton Oilers*,Florida Panthers,Florida Panthers*,Hartford Whalers,Hartford Whalers*,Los Angeles Kings,Los Angeles Kings*,Mighty Ducks of Anaheim,Mighty Ducks of Anaheim*,Minnesota North Stars,Minnesota North Stars*,Minnesota Wild,Minnesota Wild*,Montreal Canadiens,Montreal Canadiens*,Nashville Predators,Nashville Predators*,New Jersey Devils,New Jersey Devils*,New York Islanders,New York Islanders*,New York Rangers,New York Rangers*,Ottawa Senators,Ottawa Senators*,Philadelphia Flyers,Philadelphia Flyers*,Phoenix Coyotes,Phoenix Coyotes*,Pittsburgh Penguins,Pittsburgh Penguins*,Quebec Nordiques,Quebec Nordiques*,San Jose Sharks,San Jose Sharks*,Seattle Kraken,Seattle Kraken*,St. Louis Blues,St. Louis Blues*,Tampa Bay Lightning,Tampa Bay Lightning*,Toronto Maple Leafs,Toronto Maple Leafs*,Vancouver Canucks,Vancouver Canucks*,Vegas Golden Knights,Vegas Golden Knights*,Washington Capitals,Washington Capitals*,Winnipeg Jets,Winnipeg Jets*
1990,,,,,,,,3.61,,3.58,,4.35,,,,3.95,,,,,,,3.6,,,3.94,,,,3.44,,4.23,,,,3.55,,,,3.6,,,,3.69,,3.51,,3.49,,,3.63,,,,3.98,,3.0,,,,,,,3.69,,,,4.21,3.06,,,,,3.55,,3.73
1991,,,,,,,,3.74,,3.65,,4.3,,,,3.55,,,,,,,,3.41,,3.4,,,,2.98,,4.25,,,,3.2,,,,3.41,,,,3.4,2.79,,,3.71,,,3.15,,,,,4.28,2.95,,,,,,,3.88,,,3.01,,,3.04,,,,3.23,3.25,
1992,,,,,,,,3.38,,3.61,3.7,,,,,3.21,,,,,,,,4.0,,3.69,,,,3.09,,3.59,,,,3.08,,,,3.34,,,,3.61,3.64,,,4.01,,,3.15,,,,,4.29,3.19,,2.74,,,,,3.49,,,2.93,,,3.56,,,,4.13,,3.14
1993,,,,,,,,3.95,,3.99,,3.83,,,,3.32,,,,,,,,4.39,2.88,,,,3.38,,,4.02,,,3.24,,,,,3.88,,,,3.67,,3.99,3.62,,2.4,,3.8,,,,,4.37,,4.18,2.6,,,,,3.36,2.92,,,3.43,,4.12,,,,3.87,,3.83
1994,,,,,,,,3.44,,3.36,,3.6,,,,3.02,,,,,,3.4,,4.24,3.11,,2.77,,2.7,,3.5,,2.73,,,,,,,3.37,,,,3.64,,3.36,,3.56,2.39,,3.5,,,,,3.56,3.3,,,3.0,,,,3.21,2.67,,,3.33,,3.32,,,,3.3,2.92,
1995,,,,,,,,3.13,,2.71,,3.4,,,,3.25,,,,,,2.83,,3.75,2.83,,2.4,,2.65,,2.96,,2.6,,,,,,2.6,,,,,2.83,2.63,,,2.9,2.44,,,3.13,,,,3.77,,3.85,,2.69,,,,3.71,2.5,,,2.81,,3.19,,,,2.83,3.27,
1996,,,,,,,,3.44,3.01,,,2.94,,,,3.33,,3.98,,,2.77,,,3.96,2.93,,,3.1,2.89,,3.12,,2.85,,,,,,,3.23,,,2.62,,2.79,,,3.32,2.33,,,3.44,,,,4.41,,,3.07,,,,,2.67,,2.9,,3.01,,3.39,,,,2.85,,3.35
1997,,,,,,,2.85,,,2.89,2.61,,,,,2.72,,3.38,,,,3.07,,3.09,,3.07,,2.7,2.76,,2.61,,,2.99,,,,,,3.04,,,,2.82,2.93,,,3.15,,2.76,,3.34,,2.93,,3.48,,,2.57,,,,,2.88,2.65,,2.8,,3.13,,,,2.61,,,
1998,,,,,,,,2.7,,2.57,2.65,,2.44,,2.34,,,2.82,,,,2.95,,3.05,,2.62,2.48,,,,,2.77,2.5,,,,,,,2.87,,,,2.74,2.59,,2.4,,,2.35,,2.95,,2.73,,2.78,,,,2.56,,,,3.12,1.84,,2.37,,2.73,,,,,2.67,,
1999,,,,,,,,2.61,,2.52,2.57,,,2.56,2.46,,,2.91,,,,2.88,,2.99,,2.8,2.56,,,,2.3,,,2.62,,,,,2.24,,2.32,,,3.02,2.37,,2.65,,,2.91,,2.82,,2.5,,2.95,,,,2.39,,,,2.89,2.18,,,3.27,2.34,,,,2.44,,,
2000,,,,,2.07,,2.56,,,2.6,2.57,,2.65,,2.95,,,2.84,,,,2.57,,3.39,,2.76,,2.98,,,,2.99,2.65,,,,,,2.39,,2.43,,,3.06,2.37,,2.66,,,2.98,,2.89,,2.83,,2.94,,,,2.74,,,,3.02,2.49,,,3.0,2.77,,,,,2.77,,
2001,,,,,2.57,,2.77,,,2.66,2.4,,,2.59,2.56,,,3.29,2.32,,,2.94,,3.09,,2.96,2.44,,,,,3.07,2.29,,,,2.05,,2.51,,2.27,,,3.6,2.26,,3.05,,,3.34,,2.93,2.61,,,3.43,,,,2.65,,,,3.04,2.45,,,2.83,,2.91,,,,2.84,,
2002,,,,,2.28,,,2.88,2.6,,2.45,,,2.65,,2.63,,2.59,2.0,,2.62,,,3.06,2.5,,2.2,,,,,2.61,2.13,,,,2.38,,,2.52,2.39,,,2.5,,2.91,2.77,,,2.96,,2.85,,2.78,2.41,,,,,3.02,,,,2.77,2.17,,,3.04,,3.1,,,2.78,,,
2003,,,,,2.76,,,2.99,2.32,,2.27,,2.09,,2.52,,,3.06,2.6,,,2.99,,3.28,,2.82,2.15,,,,2.48,,,2.48,,,,2.41,2.51,,2.23,,,2.63,,2.73,2.56,,,3.21,,2.57,2.49,,2.3,,,,2.61,,,,,3.09,,2.67,,2.88,,3.22,,,,2.73,,
2004,,,,,2.61,,,2.55,2.68,,,2.44,2.1,,2.29,,,2.88,2.16,,,2.37,,3.11,2.7,,2.29,,,,2.5,,2.24,,,,2.29,,,2.54,,2.63,,2.6,,2.89,2.51,,,3.2,,2.79,2.29,,2.32,,,,,2.67,,,,2.33,,2.99,,2.95,,2.87,,,2.27,,,
2006,,,,,3.37,,2.78,,,3.37,,2.63,,3.49,2.55,,,3.41,2.62,,,3.09,,3.67,,3.04,2.88,,,,2.96,,,3.06,,,2.76,,,2.94,,3.09,,2.84,2.7,,,3.05,,3.8,,3.21,2.95,,2.96,,,,,3.23,,,2.35,,,3.0,3.1,,3.07,,,,2.8,,,
2007,,3.1,,,,2.91,2.56,,,3.63,,3.11,2.94,,2.38,,3.26,,2.39,,,2.65,,3.07,2.34,,2.99,,,,2.72,,,,,,,2.74,2.91,,,3.24,,2.51,,2.93,,2.84,,3.49,2.6,,2.57,,,3.26,,,,3.12,,,2.54,,,2.96,3.1,,,2.65,,,2.85,,,
2008,,2.4,,,2.52,,,2.51,3.06,,,2.76,3.05,,2.85,,,2.73,2.32,,,2.89,,3.07,2.68,,2.57,,,,2.76,,,,,,,2.68,,3.13,,2.77,,2.41,2.3,,,2.5,,3.15,,2.99,2.55,,,2.93,,,,2.63,,,2.46,,2.7,,2.78,,2.52,,,,,2.9,,
2009,,2.9,,,3.05,,,3.29,2.95,,,3.06,,2.88,,3.17,2.32,,,2.68,2.73,,,3.52,2.78,,2.82,,,,2.46,,,,,,2.61,,,2.95,2.52,,,2.9,2.41,,,2.44,2.6,,,3.17,2.5,,,3.15,,,,3.06,,,,2.77,2.52,,2.98,,,2.96,,,,3.27,,
2010,2.84,,,,2.8,,,2.39,,2.82,2.45,,2.76,,,3.2,,2.89,2.61,,2.8,,,2.72,2.51,,2.46,,,,,2.82,,,,,2.61,,,2.56,,2.65,,2.63,2.61,,2.67,,,2.68,,2.83,,2.57,,3.04,,,,3.13,,,2.66,,2.6,,2.56,,,3.27,,,,3.82,,
2011,,2.87,,,2.66,,,2.98,,2.93,2.94,,2.82,,,3.07,2.7,,2.56,,2.71,,,3.13,2.33,,2.33,,,,,2.55,,,,,2.48,,,2.6,,2.6,2.09,,2.74,,,2.73,2.32,,,3.12,,2.76,,2.78,,,,2.96,,,2.88,,,2.94,2.6,,,3.15,,,,2.67,,
2012,2.45,,,,,,,3.17,2.57,,2.43,,2.59,,,2.94,2.43,,2.41,,2.49,,,2.91,2.52,,,2.4,,,,2.29,,,,,2.02,,2.52,,,2.83,,2.63,2.39,,,2.71,,2.96,,3.17,,2.56,,3.33,,,,2.67,,,,2.51,2.83,,2.77,,,2.94,,,,2.66,2.7,
2013,,2.79,,,,,,2.65,2.46,,2.67,,2.65,,,3.1,2.38,,2.4,,2.67,,,2.54,2.56,,2.27,,,,,2.73,,,,,,2.46,,3.04,2.27,,2.29,,,2.81,,2.63,,2.33,2.75,,2.52,,,3.38,,,,2.42,,,,2.58,3.06,,,3.02,,2.54,,,,3.04,2.63,
2014,,3.21,,,,,,3.15,1.83,,2.46,,2.5,,,3.18,,2.99,,2.76,,2.82,,2.65,2.43,,2.29,,,,,2.41,,,,,,2.43,,2.55,2.61,,2.4,,2.63,,,2.61,2.79,,,2.84,2.56,,,2.95,,,,2.91,,,,2.91,,2.83,2.71,,2.33,,,,2.74,,2.67,
2015,,2.78,2.01,,,,2.55,,1.87,,,2.89,2.23,,,2.68,2.55,,2.77,,3.13,,,2.82,2.35,,2.41,,,,2.66,,,,,,,2.77,,2.61,,2.76,2.15,,,2.99,,3.02,,2.83,2.59,,,,,2.65,,,2.73,,,,,2.91,,3.16,2.51,,,2.88,,,,2.89,,2.72
2016,,2.62,2.54,,,,2.88,,2.43,,2.79,,2.39,,,2.85,2.59,,2.6,,,3.23,,2.55,2.43,,,2.83,,,,2.72,,,,,,2.6,2.63,,,2.73,2.22,,,2.77,,2.84,2.8,,,2.57,,,,2.94,,,,2.89,,,,2.67,,2.73,2.34,,2.27,,,,,3.02,2.59,
2017,,2.68,2.33,,,,,2.83,2.43,,,2.71,2.59,,,2.93,2.01,,,3.01,2.71,,2.41,,,2.96,2.5,,,,2.43,,,,,,,3.21,,2.72,,2.9,2.2,,2.91,,,3.09,,2.51,2.59,,,,,3.39,,,,2.67,,,,2.84,2.8,,,3.05,2.17,,,,,3.18,3.0,
2018,,2.82,2.51,,,,,3.26,2.41,,2.63,,2.74,,2.78,,,3.11,,2.88,2.82,,2.59,,2.79,,2.99,,,,,2.89,,,,,,3.05,2.52,,,3.18,,2.96,3.18,,2.78,,2.67,,,3.04,,,,3.29,,,,3.01,,,2.72,,,3.54,,3.29,2.66,,,3.27,,3.12,,3.33
2019,2.39,,2.55,,,,,3.13,2.7,,,3.52,,2.96,3.26,,,3.15,,3.12,,2.55,2.73,,2.79,,3.22,,,,2.43,,,,,,2.56,,3.0,,,2.88,2.67,,,2.72,2.7,,2.95,,2.94,,,,,3.3,,,,3.52,,,,2.98,,3.89,,3.49,2.67,,,3.0,,3.34,,3.29
2020,2.56,,,2.71,,,,3.24,2.8,,,2.91,,3.19,,2.97,,3.37,,2.57,,2.58,2.0,,,3.14,,3.3,,,2.53,,,,,,,3.16,,2.93,,3.07,2.68,,,2.78,,3.33,2.68,,,3.29,,,,3.2,,,2.57,,,,,3.14,,3.47,,3.39,,3.25,,3.15,,3.42,,3.0
2021,2.21,,2.68,,,,,2.93,2.39,,2.77,,,3.13,2.84,,,3.52,2.39,,2.79,,2.23,,,3.27,,3.36,,,2.54,,,,,,,3.21,,2.82,,2.7,2.59,,,2.71,3.14,,2.77,,2.86,,,,,3.45,,,2.61,,,,,2.98,,3.21,,3.32,2.64,,,3.39,,3.36,,3.04
2022,2.78,,2.51,,,,,3.09,2.79,,,3.55,,3.38,2.6,,,3.76,3.15,,,2.84,2.77,,,3.48,,4.11,,,,2.87,,,,,,3.72,2.66,,,3.2,2.99,,2.79,,,3.05,2.73,,2.56,,,,,3.28,,,2.57,,2.6,,,3.77,,3.48,,3.8,3.0,,3.2,,,3.29,3.05,
2023,2.51,,2.74,,,,,3.67,3.57,,3.15,,,3.2,2.46,,,3.34,2.6,,,3.43,2.89,,,3.96,,3.51,,,,3.34,,,,,,2.91,2.77,,2.72,,,3.52,,2.95,,3.33,3.16,,2.68,,,,3.18,,,,2.84,,,3.52,3.17,,,3.41,,3.39,3.29,,,3.26,3.09,,,3.0
2024,2.48,,3.1,,,,,3.21,2.98,,3.09,,,3.38,2.17,,,3.68,2.85,,,3.59,3.35,,,3.56,,3.23,,,,3.1,,,,,3.02,,2.83,,,3.24,3.22,,,2.99,,3.39,3.05,,2.82,,,,3.09,,,,2.2,,2.61,,2.85,,,3.51,,3.63,,3.4,,3.21,,2.63,,3.16
